Variable,Mean,SD,Min,Max,Obs
Population,41.73777347311828,151.2702975624972,8.01e-4,1447.470092,186
Area,69.6069247311828,187.24124887127036,0,1637.687,186
GDP_per_capita,1.6158102810874702,2.5710358883053614,0.005770006862,18.317720809999997,185
PPP_per_capita,2.0833382584747193,2.099213449175276,0.0733141734,11.34230596,178
HDI_2018,0.7134833333333334,0.15285029280695928,0.377,0.954,180
Polity_Score,4.2594936708860756,6.102291915418238,-10,10,158
FH_Total,57.71351351351351,29.865624435364122,0,100,185
