Continent,Population,Area,GDP,PPP,HDI,Polity,FH
Africa,24.560947185185185,54.443511111111114,0.25140724960596295,0.5667087351519231,0.5532641509433962,2.4791666666666665,41.57407407407408
America,28.736227111111113,108.16078333333331,1.2526519375797225,1.8100292041057144,0.7424722222222222,6.925925925925926,71.91666666666667
Asia,107.30016061904762,70.19834047619048,1.3167524748616666,2.2728133185634145,0.7228536585365853,0.34210526315789475,38.92857142857143
Europe,17.11275326,46.461898,3.557526588930612,3.778259286232609,0.8611304347826086,7.926829268292683,79.42857142857143
Oceania,10.04653325,210.43125,2.65775849195,2.757265102275,0.7815,7.25,79
